SensorName,SensorSequence,Length,Entropy,DG,H-bond,Tm,TmSensor,FoldIncrease
AdeS1,GACGCGACUGAAUGAAAUGGUGAAGGACGGGUCCAGCUGCGGAAGAAACUGUGGCACUUCGGUGCCAGGCAGCUUGUUGAGUAGAGUGUGAGCUCCGUAACUAGUCGCGUC,5,-129.6,-6.9,14,30.2,81.4,9
AdeS2,GACGCGACUGAAUGAAAUGGUGAAGGACGGGUCCAGUAAUGGGAAGAAACUGUGGCACUUCGGUGCCAGCGUUGCUUGUUGAGUAGAGUGUGAGCUCCGUAACUAGUCGCGUC,6,-109.9,-3.1,14,1.2,82,10
Ade S3,GACGCGACUGAAUGAAAUGGUGAAGGACGGGUCCAGUUGUGGAAGAAACUGUGGCACUUCGGUGCCAGGCAGCUUGUUGAGUAGAGUGUGAGCUCCGUAACUAGUCGCGUC,5,-91.6,-3.1,12,-4.4,80,1
Ade S4,GACGCGACUGAAUGAAAUGGUGAAGGACGGGUCCAGUGUGUGGGAAGAAACUGUGGCACUUCGGUGCCAGCGUAUGCUUGUUGAGUAGAGUGUGAGCUCCGUAACUAGUCGCGUC,7,-103.5,-0.6,16,-19.9,74,8
Ade S5,GACGCGACUGAAUGAAAUGGUGAAGGACGGGUCCAGUAUGUGGGAAGAAACUGUGGCACUUCGGUGCCAGCGGAUGCUUGUUGAGUAGAGUGUGAGCUCCGUAACUAGUCGCGUC,7,-118.3,-2.6,14,-0.2,75.4,1
Ade S6,GACGCGACUGAAUGAAAUGGUGAAGGACGGGUCCAGUGCGUGGGAAGAAACUGUGGCACUUCGGUGCCAGCGUGUGCUUGUUGAGUAGAGUGUGAGCUCCGUAACUAGUCGCGUC,7,-119.9,-2.3,17,-1.8,78.7,2
Ade S7,GACGCGACUGAAUGAAAUGGUGAAGGACGGGUCCAGUGAGUGGGAAGAAACUGUGGCACUUCGGUGCCAGCGUUCGCUUGUUGAGUAGAGUGUGAGCUCCGUAACUAGUCGCGUC,7,-83.5,-2.9,17,-9.3,80.8,3
ADP S1,GACGCGACUGAAUGAAAUGGUGAAGGACGGGUCCAGCACACGAGGGGGAAACCCCGGACAAUCAGACACGGUGUUCUUGUUGAGUAGAGUGUGAGCUCCGUAACUAGUCGCGUC,6,-110.6,-4,13,8,79.4,1
ADP S2,GACGCGACUGAAUGAAAUGGUGAAGGACGGGUCCAGACACGAGGGGGAAACCCCGGACAAUCAGACACGGUGUCUUGUUGAGUAGAGUGUGAGCUCCGUAACUAGUCGCGUC,5,-119.9,-4.8,13,15.4,75,7
ADP S3,GACGCGACUGAAUGAAAUGGUGAAGGACGGGUCCAGCACGAGGGGGAAACCCCGGACAAUCAGACACGGUGCUUGUUGAGUAGAGUGUGAGCUCCGUAACUAGUCGCGUC,4,-95.1,-3.6,11,1,76.2,10
ADP S4,GACGCGACUGAAUGAAAUGGUGAAGGACGGGUCCAGACGAGGGGGAAACCCCGGACAAUCAGACACGGUCUUGUUGAGUAGAGUGUGAGCUCCGUAACUAGUCGCGUC,3,-63.5,-0.5,8,-46.6,77.1,1
ADP S5,GACGCGACUGAAUGAAAUGGUGAAGGACGGGUCCAGCGAGGGGGAAACCCCGGACAAUCAGACACGGCUUGUUGAGUAGAGUGUGAGCUCCGUAACUAGUCGCGUC,2,-40.1,1.1,6,-93.6,78.1,1
ADP S6,GACGCGACUGAAUGAAAUGGUGAAGGACGGGUCCAGCACCGAGGGGGAAACCCCGGACAAUCAGACACGGGUUCUUGUUGAGUAGAGUGUGAGCUCCGUAACUAGUCGCGUC,5,-118.3,-2.6,12,-0.2,82.6,1
ADP S7,GACGCGACUGAAUGAAAUGGUGAAGGACGGGUCCAGCACGAGGGGGAAACCCCGGACAAUCAGACACGGUUCUUGUUGAGUAGAGUGUGAGCUCCGUAACUAGUCGCGUC,4,-54.2,0.3,8,-66.4,74.3,1
ADP S8,GACGCGACUGAAUGAAAUGGUGAAGGACGGGUCCAGCCGAGGGGGAAACCCCGGACAAUCAGACACGGUCUUGUUGAGUAGAGUGUGAGCUCCGUAACUAGUCGCGUC,3,-36.4,1.2,6,-110.4,75.7,1
SAM S1,GACGCGACUGAAUGAAAUGGUGAAGGACGGGUCCACGAAAGGAUGGCGGAAACGCCAGAUGCCUUGUAACCGAAAGGGUUGUUGAGUAGAGUGUGAGCUCCGUAACUAGUCGCGUC,1,-3224.2,1000,3,-273.1,78.2,11
SAM S2,GACGCGACUGAAUGAAAUGGUGAAGGACGGGUCCAGCGAAAGGAUGGCGGAAACGCCAGAUGCCUUGUAACCGAAAGGGCUUGUUGAGUAGAGUGUGAGCUCCGUAACUAGUCGCGUC,2,-40.1,1.1,6,-93.6,81.1,15
SAM S3,GACGCGACUGAAUGAAAUGGUGAAGGACGGGUCCACCGAAAGGAUGGCGGAAACGCCAGAUGCCUUGUAACCGAAAGGGGUUGUUGAGUAGAGUGUGAGCUCCGUAACUAGUCGCGUC,2,-32.4,0.8,6,-109.3,77.2,5
SAM S4,GACGCGACUGAAUGAAAUGGUGAAGGACGGGUCCAGCCGAAAGGAUGGCGGAAACGCCAGAUGCCUUGUAACCGAAAGGGGCUUGUUGAGUAGAGUGUGAGCUCCGUAACUAGUCGCGUC,3,-71.3,-2.6,9,-18.2,81.8,1
SAM S5,GACGCGACUGAAUGAAAUGGUGAAGGACGGGUCCACCCGAAAGGAUGGCGGAAACGCCAGAUGCCUUGUAACCGAAAGGGGGUUGUUGAGUAGAGUGUGAGCUCCGUAACUAGUCGCGUC,3,-66.7,-2.5,9,-22,77.4,1
SAM S6,GACGCGACUGAAUGAAAUGGUGAAGGACGGGUCCAGCCCGAAAGGAUGGCGGAAACGCCAGAUGCCUUGUAACCGAAAGGGGGCUUGUUGAGUAGAGUGUGAGCUCCGUAACUAGUCGCGUC,4,-103.8,-5.9,12,21.2,79.6,1
SAM S7,GACGCGACUGAAUGAAAUGGUGAAGGACGGGUCCAGUGUCGAAAGGAUGGCGGAAACGCCAGAUGCCUUGUAACCGAAAGGGGUGCUUGUUGAGUAGAGUGUGAGCUCCGUAACUAGUCGCGUC,5,-41.6,1.3,12,-100.6,80.6,1
SAM S8,GACGCGACUGAAUGAAAUGGUGAAGGACGGGUCCAGUGUGUCGAAAGGAUGGCGGAAACGCCAGAUGCCUUGUAACCGAAAGGGGUGUGCUUGUUGAGUAGAGUGUGAGCUCCGUAACUAGUCGCGUC,7,-41.6,1.3,16,-100.6,78.6,1.6
SAM S9,GACGCGACUGAAUGAAAUGGUGAAGGACGGGUCCAGUAUCGAAAGGAUGGCGGAAACGCCAGAUGCCUUGUAACCGAAAGGGAUACUUGUUGAGUAGAGUGUGAGCUCCGUAACUAGUCGCGUC,5,-110.9,-2.9,12,0,75.9,0.8
SAM S10,GACGCGACUGAAUGAAAUGGUGAAGGACGGGUCCAGUAUAUCGAAAGGAUGGCGGAAACGCCAGAUGCCUUGUAACCGAAAGGGAUAUACUUGUUGAGUAGAGUGUGAGCUCCGUAACUAGUCGCGUC,7,-158.3,-5.3,16,22.6,69.1,0.8
Tt 1-4,GAUGUAACUGAAUGAAAUGGUGAAGGACGGGUCCAUUAUCUAAGAGAGGUGGAGGGACUGGCCCGAUGAAACCCGGCAACCAGCCUUAGGGCAUGGUGCCAAUUCCUGCAGCGGUUUCGCUGAAAUGAUGAUAUUGUUGAGUAGAGUGUGAGCUCCGUAACUAGUUACAUC,4,-69.6,0.1,9,-47.5,63.7,1.57
Tt 1-5,GAUGUAACUGAAUGAAAUGGUGAAGGACGGGUCCAUUAUCAAGAGAGGUGGAGGGACUGGCCCGAUGAAACCCGGCAACCAGCCUUAGGGCAUGGUGCCAAUUCCUGCAGCGGUUUCGCUGAAAGAUGAUUGUUGAGUAGAGUGUGAGCUCCGUAACUAGUUACAUC,5,-106.7,-1.2,11,-14,76.8,1.56
Tt 3-3,GAUGUAACUGAAUGAAAUGGUGAAGGACGGGUCCAGGCAUGGUGCCAAUUCCUGCAGCGGUUUCGCUGAAAGAUGAGAGGCAACUCUUAUCAAGAGAGGUGGAGGGACUGGCCCGAUGAAACCCGGCAACCAGCCUUGUUGAGUAGAGUGUGAGCUCCGUAACUAGUUACAUC,3,-71.3,-2.6,9,-18.2,75.8,1
Tt 3-3 delA,GAUGUAACUGAAUGAAAUGGUGAAGGACGGGUCCAGGCUGGUGCCAAUUCCUGCAGCGGUUUCGCUGAAAGAUGAGAGGCAACUCUUAUCAAGAGAGGUGGAGGGACUGGCCCGAUGAAACCCGGCAACCAGCCUUGUUGAGUAGAGUGUGAGCUCCGUAACUAGUUACAUC,3,-71.3,-2.6,9,-18.2,78.7,1
Tt 3-4,GAUGUAACUGAAUGAAAUGGUGAAGGACGGGUCCACUGGUGCCAAUUCCUGCAGCGGUUUCGCUGAAAGAUGAGAGGCAACUCUUAUCAAGAGAGGUGGAGGGACUGGCCCGAUGAAACCCGGCAACCAGUUGUUGAGUAGAGUGUGAGCUCCGUAACUAGUUACAUC,4,-88,-3.4,11,-3,79.9,1
Tt 4-3,GAUGUAACUGAAUGAAAUGGUGAAGGACGGGUCCACUGAAAGAUGAGAGGCAACUCUUAUCAAGAGAGGUGGAGGGACUGGCCCGAUGAAACCCGGCAACCAGCCUUAGGGCAUGGUGCCAAUUCCUGCAGUUGUUGAGUAGAGUGUGAGCUCCGUAACUAGUUACAUC,3,-55.5,-0.1,8,-59.8,77.7,2.17
Tt 4-4,GAUGUAACUGAAUGAAAUGGUGAAGGACGGGUCCAGCUGAAAGAUGAGAGGCAACUCUUAUCAAGAGAGGUGGAGGGACUGGCCCGAUGAAACCCGGCAACCAGCCUUAGGGCAUGGUGCCAAUUCCUGCAGCUUGUUGAGUAGAGUGUGAGCUCCGUAACUAGUUACAUC,4,-92.5,-3.5,11,-0.7,79.1,1.31
Tt 4-5,GAUGUAACUGAAUGAAAUGGUGAAGGACGGGUCCACGCUGAAAGAUGAGAGGCAACUCUUAUCAAGAGAGGUGGAGGGACUGGCCCGAUGAAACCCGGCAACCAGCCUUAGGGCAUGGUGCCAAUUCCUGCAGCGUUGUUGAGUAGAGUGUGAGCUCCGUAACUAGUUACAUC,5,-119,-5.9,9,22.8,78.6,1.1
Bc 1-4,GAUGUAACUGAAUGAAAUGGUGAAGGACGGGUCCAUUAUAACGAGAAGCGGAGGGACUGGCCCAAUGAAGCUUCAGCAACCAUUCAUUGCGAUGAAAAGGUGCUAAAUCCAGCAAAGGGAACUUUGGCAGAUAAUUGUUGAGUAGAGUGUGAGCUCCGUAACUAGUUACAUC,4,-18.7,1.7,6,-180.7,70.8,1.63
Bc 1-5,GAUGUAACUGAAUGAAAUGGUGAAGGACGGGUCCACUUAUAACGAGAAGCGGAGGGACUGGCCCAAUGAAGCUUCAGCAACCAUUCAUUGCGAUGAAAAGGUGCUAAAUCCAGCAAAGGGAACUUUGGCAGAUAAGUUGUUGAGUAGAGUGUGAGCUCCGUAACUAGUUACAUC,5,-84.8,-0.8,11,-27.7,69.8,3.22
Bc 3-3,GAUGUAACUGAAUGAAAUGGUGAAGGACGGGUCCAGAAAAGGUGCUAAAUCCAGCAAAGGGAACUUUGGCAGAUAAGGGGCAACUCUUAUAACGAGAAGCGGAGGGACUGGCCCAAUGAAGCUUCAGCAACCAUUCUUGUUGAGUAGAGUGUGAGCUCCGUAACUAGUUACAUC,3,-13.9,1.2,7,-194.7,71.6,1
Bc 3-4,GAUGUAACUGAAUGAAAUGGUGAAGGACGGGUCCAUGAAAAGGUGCUAAAUCCAGCAAAGGGAACUUUGGCAGAUAAGGGGCAACUCUUAUAACGAGAAGCGGAGGGACUGGCCCAAUGAAGCUUCAGCAACCAUUCAUUGUUGAGUAGAGUGUGAGCUCCGUAACUAGUUACAUC,4,-37.4,-0.5,7,-81.2,67.5,1.08
Bc 3-5,GAUGUAACUGAAUGAAAUGGUGAAGGACGGGUCCAAUGAAAAGGUGCUAAAUCCAGCAAAGGGAACUUUGGCAGAUAAGGGGCAACUCUUAUAACGAGAAGCGGAGGGACUGGCCCAAUGAAGCUUCAGCAACCAUUCAUUUGUUGAGUAGAGUGUGAGCUCCGUAACUAGUUACAUC,5,-57.1,-1.5,11,-41,65.7,1.08
Bc 4-3,GAUGUAACUGAAUGAAAUGGUGAAGGACGGGUCCAUUGGCAGAUAAGGGGCAACUCUUAUAACGAGAAGCGGAGGGACUGGCCCAAUGAAGCUUCAGCAACCAUUCAUUGCGAUGAAAAGGUGCUAAAUCCAGCAAUUGUUGAGUAGAGUGUGAGCUCCGUAACUAGUUACAUC,3,-8.4,1.5,5,-240.8,73.8,2
Bc 4-4,GAUGUAACUGAAUGAAAUGGUGAAGGACGGGUCCAUUUGGCAGAUAAGGGGCAACUCUUAUAACGAGAAGCGGAGGGACUGGCCCAAUGAAGCUUCAGCAACCAUUCAUUGCGAUGAAAAGGUGCUAAAUCCAGCAAAUUGUUGAGUAGAGUGUGAGCUCCGUAACUAGUUACAUC,4,-27.4,0.6,7,-124.2,68.7,2.08
Bc 4-5,GAUGUAACUGAAUGAAAUGGUGAAGGACGGGUCCACUUUGGCAGAUAAGGGGCAACUCUUAUAACGAGAAGCGGAGGGACUGGCCCAAUGAAGCUUCAGCAACCAUUCAUUGCGAUGAAAAGGUGCUAAAUCCAGCAAAGUUGUUGAGUAGAGUGUGAGCUCCGUAACUAGUUACAUC,5,-93.5,-1.9,12,-13.8,70.7,2.05
Pi 1-4,GAUGUAACUGAAUGAAAUGGUGAAGGACGGGUCCAUAUCAAGAAAGGCGGAGGGAUUAGACCCAUUGAAGCCUUAGCAACCCUUUAGUAAUAAAGAAGGUGCUAAAUUCUACUCAAUUAUUCGUAAUUGGAUAGAUAUUGUUGAGUAGAGUGUGAGCUCCGUAACUAGUUACAUC,4,-70.9,-0.2,9,-43.3,72,1
Pi 1-5,GAUGUAACUGAAUGAAAUGGUGAAGGACGGGUCCAUUAUCAAGAAAGGCGGAGGGAUUAGACCCAUUGAAGCCUUAGCAACCCUUUAGUAAUAAAGAAGGUGCUAAAUUCUACUCAAUUAUUCGUAAUUGGAUAGAUAAUUGUUGAGUAGAGUGUGAGCUCCGUAACUAGUUACAUC,4,-18.7,1.7,6,-180.7,72.1,1.5
Pi 3-3,GAUGUAACUGAAUGAAAUGGUGAAGGACGGGUCCAAAGAAGGUGCUAAAUUCUACUCAAUUAUUCGUAAUUGGAUAGAUAACAGCAAUGUUAUCAAGAAAGGCGGAGGGAUUAGACCCAUUGAAGCCUUAGCAACCCUUUUGUUGAGUAGAGUGUGAGCUCCGUAACUAGUUACAUC,3,-37.4,1.6,7,-114.5,71.8,1.29
Pi 3-4,GAUGUAACUGAAUGAAAUGGUGAAGGACGGGUCCAAAAGAAGGUGCUAAAUUCUACUCAAUUAUUCGUAAUUGGAUAGAUAACAGCAAUGUUAUCAAGAAAGGCGGAGGGAUUAGACCCAUUGAAGCCUUAGCAACCCUUUUUGUUGAGUAGAGUGUGAGCUCCGUAACUAGUUACAUC,4,-56.4,0.7,9,-68.4,71.8,1.25
Pi 3-5,GAUGUAACUGAAUGAAAUGGUGAAGGACGGGUCCAUAAAGAAGGUGCUAAAUUCUACUCAAUUAUUCGUAAUUGGAUAGAUAACAGCAAUGUUAUCAAGAAAGGCGGAGGGAUUAGACCCAUUGAAGCCUUAGCAACCCUUUAUUGUUGAGUAGAGUGUGAGCUCCGUAACUAGUUACAUC,5,-77.1,-0.6,11,-34.6,73.5,1.07
Pi 4-7,GAUGUAACUGAAUGAAAUGGUGAAGGACGGGUCCAUAAUUGGAUAGAUAACAGCAAUGUUAUCAAGAAAGGCGGAGGGAUUAGACCCAUUGAAGCCUUAGCAACCCUUUAGUAAUAAAGAAGGUGCUAAAUUCUACUCAAUUAUUGUUGAGUAGAGUGUGAGCUCCGUAACUAGUUACAUC,7,-111.6,-3.2,15,2.4,75.2,4.91
Pi 4-4,GAUGUAACUGAAUGAAAUGGUGAAGGACGGGUCCAUUGGAUAGAUAACAGCAAUGUUAUCAAGAAAGGCGGAGGGAUUAGACCCAUUGAAGCCUUAGCAACCCUUUAGUAAUAAAGAAGGUGCUAAAUUCUACUCAAUUGUUGAGUAGAGUGUGAGCUCCGUAACUAGUUACAUC,4,-16.4,0,7,-151.9,73,3.4
Pi 4-5,GAUGUAACUGAAUGAAAUGGUGAAGGACGGGUCCAAUUGGAUAGAUAACAGCAAUGUUAUCAAGAAAGGCGGAGGGAUUAGACCCAUUGAAGCCUUAGCAACCCUUUAGUAAUAAAGAAGGUGCUAAAUUCUACUCAAUUUGUUGAGUAGAGUGUGAGCUCCGUAACUAGUUACAUC,5,-71.9,-1,11,-34.3,74.2,3
Bs 1-4,GAUGUAACUGAAUGAAAUGGUGAAGGACGGGUCCAUAUCAAGAGAAGCAGAGGGACUGGCCCGACGAAGCUUCAGCAACCGGUGUAAUGGCGAUCAGCCAUGACCAAGGUGCUAAAUCCAGCAAGCUCGAACAGCUUGGAAGAUAUUGUUGAGUAGAGUGUGAGCUCCGUAACUAGUUACAUC,4,-70.9,-0.2,9,-43.3,72.5,1
Bs 1-5,GAUGUAACUGAAUGAAAUGGUGAAGGACGGGUCCAUUAUCAAGAGAAGCAGAGGGACUGGCCCGACGAAGCUUCAGCAACCGGUGUAAUGGCGAUCAGCCAUGACCAAGGUGCUAAAUCCAGCAAGCUCGAACAGCUUGGAAGAUAAUUGUUGAGUAGAGUGUGAGCUCCGUAACUAGUUACAUC,5,-61.3,-1.2,9,-40.7,72.7,1
Bs 3-3,GAUGUAACUGAAUGAAAUGGUGAAGGACGGGUCCACAUGACCAAGGUGCUAAAUCCAGCAAGCUCGAACAGCUUGGAAGAUAAGAAGCAAUUCUUAUCAAGAGAAGCAGAGGGACUGGCCCGACGAAGCUUCAGCAACCGGUGUAAUGUUGUUGAGUAGAGUGUGAGCUCCGUAACUAGUUACAUC,3,-44.8,1.4,7,-95.7,72.2,1
Bs 3-4,GAUGUAACUGAAUGAAAUGGUGAAGGACGGGUCCACCAUGACCAAGGUGCUAAAUCCAGCAAGCUCGAACAGCUUGGAAGAUAAGAAGCAAUUCUUAUCAAGAGAAGCAGAGGGACUGGCCCGACGAAGCUUCAGCAACCGGUGUAAUGGUUGUUGAGUAGAGUGUGAGCUCCGUAACUAGUUACAUC,4,-77.4,-1.9,10,-21.7,74.2,1
Bs 3-5,GAUGUAACUGAAUGAAAUGGUGAAGGACGGGUCCAGCCAUGACCAAGGUGCUAAAUCCAGCAAGCUCGAACAGCUUGGAAGAUAAGAAGCAAUUCUUAUCAAGAGAAGCAGAGGGACUGGCCCGACGAAGCUUCAGCAACCGGUGUAAUGGCUUGUUGAGUAGAGUGUGAGCUCCGUAACUAGUUACAUC,5,-114.5,-5.3,13,18.1,76.5,1
Bs 4-4,GAUGUAACUGAAUGAAAUGGUGAAGGACGGGUCCACUUGGAAGAUAAGAAGCAAUUCUUAUCAAGAGAAGCAGAGGGACUGGCCCGACGAAGCUUCAGCAACCGGUGUAAUGGCGAUCAGCCAUGACCAAGGUGCUAAAUCCAGCAAGUUGUUGAGUAGAGUGUGAGCUCCGUAACUAGUUACAUC,4,-74.5,-1,10,-32.4,72.4,2.12
Bs 4-5,GAUGUAACUGAAUGAAAUGGUGAAGGACGGGUCCAGCUUGGAAGAUAAGAAGCAAUUCUUAUCAAGAGAAGCAGAGGGACUGGCCCGACGAAGCUUCAGCAACCGGUGUAAUGGCGAUCAGCCAUGACCAAGGUGCUAAAUCCAGCAAGCUUGUUGAGUAGAGUGUGAGCUCCGUAACUAGUUACAUC,5,-111.6,-4.4,13,11.1,78.5,1.14
Bs 4-6,GAUGUAACUGAAUGAAAUGGUGAAGGACGGGUCCAAGCUUGGAAGAUAAGAAGCAAUUCUUAUCAAGAGAAGCAGAGGGACUGGCCCGACGAAGCUUCAGCAACCGGUGUAAUGGCGAUCAGCCAUGACCAAGGUGCUAAAUCCAGCAAGCUUUGUUGAGUAGAGUGUGAGCUCCGUAACUAGUUACAUC,6,-128.3,-6,15,24.3,74.4,1
DNB adenine transducer 1,GGUGCCUUAUUCCGGACGCCGGGCCCGAAUGGAUAACCUCAAUAAUAUGG UUUGAGGGUGUCUACCAGGAACCGUAAAAUCCUGAUUCUCGAAGACAACA UCGCGCCCUUCGGAGGCACC,3,-45.5,0.6,7,-83.3,82.1,1
DNB adenine transducer 2,GGUGCCUUAUUCCGGACGCCGGGCCCGAAUGGUAUAACCUCAAUAAUAUG GUUUGAGGGUGUCUACCAGGAACCGUAAAAUCCUGAUUACUCGAAGACAA CAUCGCGCCCUUCGGAGGCACC,4,-63.5,-0.5,9,-46.6,78,4.5
DNB adenine transducer 3,GGUGCCUUAUUCCGGACGCCGGGCCCGAAUGAUAACCUCAAUAAUAUGGU UUGAGGGUGUCUACCAGGAACCGUAAAAUCCUGAUUCCGAAGACAACAUC GCGCCCUUCGGAGGCACC,2,-23.5,2.2,5,-169.4,82.1,1
DNB adenine transducer 4,GGUGCCUUAUUCCGGACGCCGGGCCCGAAUGUAUAACCUCAAUAAUAUGG UUUGAGGGUGUCUACCAGGAACCGUAAAAUCCUGAUUACCGAAGACAACA UCGCGCCCUUCGGAGGCACC,3,-41.6,1.1,7,-97.6,79.1,1.2
DNB adenine transducer 5,GGUGCCUUAUUCCGGACGCCGGGCCCGAAUGUAUAACCUCAAUAAUAUGG UUUGAGGGUGUCUACCAGGAACCGUAAAAUCCUGAUUAUCGAAGACAACA UCGCGCCCUUCGGAGGCACC,3,-25.5,2.4,6,-165.5,75.7,1.2
DNB tetracycline transducer 1,GGUGCCUUAUUCCGGACGCCGGGCCCGAAUGCUCAAAACAUACCAGAUUU CGAUCUGGAGAGGUGAAGAAUACGACCACCUGAGUCGAAGACAACAUCGC GCCCUUCGGAGGCACC,4,-83.2,-2.4,10,-14,75.6,1.53
DNB tetracycline transducer 2,GGUGCCUUAUUCCGGACGCCGGGCCCGAAUGCUAAACAUACCAGAUUUC GAUCUGGAGAGGUGAAGAAUACGACCACCUAGUCGAAGACAACAUCGCGC CCUUCGGAGGCACC,3,-40.6,0.5,7,-90.5,79,2.45
DNB tetracycline transducer 3,GGUGCCUUAUUCCGGACGCCGGGCCCGAAUGACGGAAAAACAUACCAGAU UUCGAUCUGGAGAGGUGAAGAAUACGACCACCUUCCCAUCGAAGACAACA UCGCGCCCUUCGGAGGCACC,6,-65.8,-2.4,6,-23.7,79,10
DNB tetracycline transducer 4,GGUGCCUUAUUCCGGACGCCGGGCCCGAAUGAUGGAAAAACAUACCAGAU UUCGAUCUGGAGAGGUGAAGAAUACGACCACCUUCCCAUCGAAGACAACA UCGCGCCCUUCGGAGGCACC,6,-81.9,-3.8,10,-1.6,79.8,3
DNB c-di-GMP transducer 1,GGUGCCUUAUUCCGGACGCCGGGCCCGAAUCACGCACAGGGCAAACCAU UCGAAAGAGUGGGACGCAAAGCCUCCGGCCUAAACCAGAAGACAUGGUAG GUAGCGGGGUUACCGAUGCGAAGACAACA UCGCGCCCUUCGGAGGCACC,5,-41.3,0.6,6,-90.8,85.1,10
DNB c-di-GMP transducer 2,GGUGCCUUAUUCCGGACGCCGGGCCCGAAUAUGAACAGGGCAAAAUCACC GAAAGGUGAUGACGCAAAGCCAUGGGUCUACUGUUUUAAAACAAUGUUUU AAAGCUAUGAUCGCCAGGCUGCCAUCGAAGACAACA UCGCGCCCUUCGGAGGCACC,2,-9.1,4.4,4,-323.2,82.5,3.7
DNB c-di-GMP transducer 3,GGUGCCUUAUUCCGGACGCCGGGCCCGAAUCUUCUCGACAAAGGCAAACC CUCCGCGAGGGGGGGACGCAAAGCCCACGGAACUCCGCUGCUCCGCUCU UCUCUCAGGGCAGCACGGAAGUUGGCCGGGCCACCGAAAGAAGCGAAGACAACA UCGCGCCCUUCGGAGGCACC,5,-108.3,-3.6,12,4.5,81.7,1.57
DNB c-di-GMP transducer 4,GGUGCCUUAUUCCGGACGCCGGGCCCGAAUCUCUUCGAUAACGGCAAAC UUGUCGAAAGAUAAGGACGCAAAGCCACAGGGCCUUCUUGAUGAACCGUC AAUAGGCAGCCUGGCUACCGAAGGGCGAAGACAACA UCGCGCCCUUCGGAGGCACC,6,-134.1,-4.9,15,17.9,84.8,1.1
DNB c-di-GMP transducer 5,GGUGCCUUAUUCCGGACGCCGGGCCCGAAUCUUCGAUAACGGCAAACUU GUCGAAAGAUAAGGACGCAAAGCCACAGGGCCUUCUUGAUGAACCGUCAA UAGGCAGCCUGGCUACCGAAGCGAAGACAACA UCGCGCCCUUCGGAGGCACC,4,-80,-1.3,10,-26,85,13
5GR-II/CM-2,GCCCGGAUAGCUCAGUCGGUAGAGCAGCGGAGACGGUCGGGUCUAGAUGAUCGCGUGGAUAUGGCACGCAUUGAAUUGUUGGACACCGUAAAUGUCCUAACAUAUCGAGUAGAGUGUGGGCUCCGCGGGUCCAGGGUUCAAGUCCCUGUUCGGGCGCCA,2,-3,4.2,4,-400.7,79.1,1
5GR-II/CM-3,GCCCGGAUAGCUCAGUCGGUAGAGCAGCGGAGACGGUCGGGUCUAUGAUGAUCGCGUGGAUAUGGCACGCAUUGAAUUGUUGGACACCGUAAAUGUCCUAACAAUAUCGAGUAGAGUGUGGGCUCCGCGGGUCCAGGGUUCAAGUCCCUGUUCGGGCGCCA,3,-28.4,2.7,6,-160.2,77.4,1.8
5GR-II/CM-4,GCCCGGAUAGCUCAGUCGGUAGAGCAGCGGAGACGGUCGGGUCUAUAGAUGAUCGCGUGGAUAUGGCACGCAUUGAAUUGUUGGACACCGUAAAUGUCCUAACAUAUAUCGAGUAGAGUGUGGGCUCCGCGGGUCCAGGGUUCAAGUCCCUGUUCGGGCGCCA,4,-50.4,1.8,8,-84.8,80.5,3
5GR-II/CM-5,GCCCGGAUAGCUCAGUCGGUAGAGCAGCGGAGACGGUCGGGUCUAUAUGAUGAUCGCGUGGAUAUGGCACGCAUUGAAUUGUUGGACACCGUAAAUGUCCUAACAAUAUAUCGAGUAGAGUGUGGGCUCCGCGGGUCCAGGGUUCAAGUCCCUGUUCGGGCGCCA,5,-75.8,0.3,10,-44.4,78.2,2.5
5GR-IV/CM-2,GCCCGGAUAGCUCAGUCGGUAGAGCAGCGGAGACGGUCGGGUCUAUCUGGUUCGCGUAGAUAUGGCACGCAAUUGAAGAAUGGGCACCGUAAAUGUCUGUAGACUAUCGAGUAGAGUGUGGGCUCCGCGGGUCCAGGGUUCAAGUCCCUGUUCGGGCGCCA,2,-3,4.2,4,-400.7,75.4,1
5GR-IV/CM-3,GCCCGGAUAGCUCAGUCGGUAGAGCAGCGGAGACGGUCGGGUCUAUUCUGGUUCGCGUAGAUAUGGCACGCAAUUGAAGAAUGGGCACCGUAAAUGUCUGUAGACAUAUCGAGUAGAGUGUGGGCUCCGCGGGUCCAGGGUUCAAGUCCCUGUUCGGGCGCCA,3,-28.4,2.7,6,-160.2,77.5,0.9
5GR-IV/CM-4,GCCCGGAUAGCUCAGUCGGUAGAGCAGCGGAGACGGUCGGGUCUAUAUCUGGUUCGCGUAGAUAUGGCACGCAAUUGAAGAAUGGGCACCGUAAAUGUCUGUAGACUAUAUCGAGUAGAGUGUGGGCUCCGCGGGUCCAGGGUUCAAGUCCCUGUUCGGGCGCCA,4,-50.4,1.8,8,-84.8,74.1,2.6
5GR-IV/CM-5,GCCCGGAUAGCUCAGUCGGUAGAGCAGCGGAGACGGUCGGGUCUAUAUUCUGGUUCGCGUAGAUAUGGCACGCAAUUGAAGAAUGGGCACCGUAAAUGUCUGUAGACAUAUAUCGAGUAGAGUGUGGGCUCCGCGGGUCCAGGGUUCAAGUCCCUGUUCGGGCGCCA,5,-75.8,0.3,10,-44.4,75.5,6.9
5GR-V/CM-2,GCCCGGAUAGCUCAGUCGGUAGAGCAGCGGAGACGGUCGGGUCUAAUUCGGCCGCGUGGAUAUGGCACGCAGGAGAUGUGUGGACACCGUAAAUGUCCGUAGGCUAUCGAGUAGAGUGUGGGCUCCGCGGGUCCAGGGUUCAAGUCCCUGUUCGGGCGCCA,2,-3,4.2,4,-400.7,81.9,1.1
5GR-V/CM-3,GCCCGGAUAGCUCAGUCGGUAGAGCAGCGGAGACGGUCGGGUCUAUAUUCGGCCGCGUGGAUAUGGCACGCAGGAGAUGUGUGGACACCGUAAAUGUCCGUAGGCAUAUCGAGUAGAGUGUGGGCUCCGCGGGUCCAGGGUUCAAGUCCCUGUUCGGGCGCCA,3,-28.4,2.7,6,-160.2,82.9,1.7
5GR-V/CM-4,GCCCGGAUAGCUCAGUCGGUAGAGCAGCGGAGACGGUCGGGUCUAUAAUUCGGCCGCGUGGAUAUGGCACGCAGGAGAUGUGUGGACACCGUAAAUGUCCGUAGGCUAUAUCGAGUAGAGUGUGGGCUCCGCGGGUCCAGGGUUCAAGUCCCUGUUCGGGCGCCA,4,-50.4,1.8,8,-84.8,82.2,1.8
5GR-V/CM-5,GCCCGGAUAGCUCAGUCGGUAGAGCAGCGGAGACGGUCGGGUCUAUAUAUUCGGCCGCGUGGAUAUGGCACGCAGGAGAUGUGUGGACACCGUAAAUGUCCGUAGGCAUAUAUCGAGUAGAGUGUGGGCUCCGCGGGUCCAGGGUUCAAGUCCCUGUUCGGGCGCCA,5,-75.8,0.3,10,-44.4,81.1,0.7
5GR-VI/CM-2,GCCCGGAUAGCUCAGUCGGUAGAGCAGCGGAGACGGUCGGGUCUAAACAUCUCGCGUGGAUAUGGCACGCAGACUUCCAGUGGGCACCGUAAAUGUCCGUAGACUAUCGAGUAGAGUGUGGGCUCCGCGGGUCCAGGGUUCAAGUCCCUGUUCGGGCGCCA,2,-3,4.2,4,-400.7,81,1
5GR-VI/CM-3,GCCCGGAUAGCUCAGUCGGUAGAGCAGCGGAGACGGUCGGGUCUAUAACAUCUCGCGUGGAUAUGGCACGCAGACUUCCAGUGGGCACCGUAAAUGUCCGUAGACAUAUCGAGUAGAGUGUGGGCUCCGCGGGUCCAGGGUUCAAGUCCCUGUUCGGGCGCCA,3,-28.4,2.7,6,-160.2,80.3,1.6
5GR-VI/CM-4,GCCCGGAUAGCUCAGUCGGUAGAGCAGCGGAGACGGUCGGGUCUAUAAACAUCUCGCGUGGAUAUGGCACGCAGACUUCCAGUGGGCACCGUAAAUGUCCGUAGACUAUAUCGAGUAGAGUGUGGGCUCCGCGGGUCCAGGGUUCAAGUCCCUGUUCGGGCGCCA,4,-50.4,1.8,8,-84.8,79.2,1.6
5GR-VI/CM-5,GCCCGGAUAGCUCAGUCGGUAGAGCAGCGGAGACGGUCGGGUCUAUAUAACAUCUCGCGUGGAUAUGGCACGCAGACUUCCAGUGGGCACCGUAAAUGUCCGUAGACAUAUAUCGAGUAGAGUGUGGGCUCCGCGGGUCCAGGGUUCAAGUCCCUGUUCGGGCGCCA,5,-75.8,0.3,10,-44.4,80,1.9
DGR-I/CM-2,GCCCGGAUAGCUCAGUCGGUAGAGCAGCGGAGACGGUCGGGUCUAGACUCCGUAAUUCGCGUGGAUAUGGCACGCAGUCAGGUGUUGGGCACCGUAAAUGUCCCACAUAGUAUCGAGUAGAGUGUGGGCUCCGCGGGUCCAGGGUUCAAGUCCCUGUUCGGGCGCCA,2,-3,4.2,4,-400.7,79,0.7
DGR-I/CM-3,GCCCGGAUAGCUCAGUCGGUAGAGCAGCGGAGACGGUCGGGUCUAUGACUCCGUAAUUCGCGUGGAUAUGGCACGCAGUCAGGUGUUGGGCACCGUAAAUGUCCCACAUAGAUAUCGAGUAGAGUGUGGGCUCCGCGGGUCCAGGGUUCAAGUCCCUGUUCGGGCGCCA,3,-28.4,2.7,6,-160.2,75.1,0.9
DGR-I/CM-4,GCCCGGAUAGCUCAGUCGGUAGAGCAGCGGAGACGGUCGGGUCUAUAGACUCCGUAAUUCGCGUGGAUAUGGCACGCAGUCAGGUGUUGGGCACCGUAAAUGUCCCACAUAGUAUAUCGAGUAGAGUGUGGGCUCCGCGGGUCCAGGGUUCAAGUCCCUGUUCGGGCGCCA,4,-50.4,1.8,8,-84.8,78.8,1.6
DGR-I/CM-5,GCCCGGAUAGCUCAGUCGGUAGAGCAGCGGAGACGGUCGGGUCUAUAUGACUCCGUAAUUCGCGUGGAUAUGGCACGCAGUCAGGUGUUGGGCACCGUAAAUGUCCCACAUAGAUAUAUCGAGUAGAGUGUGGGCUCCGCGGGUCCAGGGUUCAAGUCCCUGUUCGGGCGCCA,5,-75.8,0.3,10,-44.4,75.6,2.7
DGR-II/CM-2,GCCCGGAUAGCUCAGUCGGUAGAGCAGCGGAGACGGUCGGGUCUAGACUCCGUAAUUCGCGUGGAUAUGGCACGCAGUAAGGUAUUGGGCACCGUAAAUGUCCAUAUGUUAUCGAGUAGAGUGUGGGCUCCGCGGGUCCAGGGUUCAAGUCCCUGUUCGGGCGCCA,2,-3,4.2,4,-400.7,76.7,0.6
DGR-II/CM-3,GCCCGGAUAGCUCAGUCGGUAGAGCAGCGGAGACGGUCGGGUCUAUGACUCCGUAAUUCGCGUGGAUAUGGCACGCAGUAAGGUAUUGGGCACCGUAAAUGUCCAUAUGUAUAUCGAGUAGAGUGUGGGCUCCGCGGGUCCAGGGUUCAAGUCCCUGUUCGGGCGCCA,3,-28.4,2.7,6,-160.2,76,1
DGR-II/CM-4,GCCCGGAUAGCUCAGUCGGUAGAGCAGCGGAGACGGUCGGGUCUAUAGACUCCGUAAUUCGCGUGGAUAUGGCACGCAGUAAGGUAUUGGGCACCGUAAAUGUCCAUAUGUUAUAUCGAGUAGAGUGUGGGCUCCGCGGGUCCAGGGUUCAAGUCCCUGUUCGGGCGCCA,4,-50.4,1.8,8,-84.8,76.6,3.1
DGR-II/CM-5,GCCCGGAUAGCUCAGUCGGUAGAGCAGCGGAGACGGUCGGGUCUAUAUGACUCCGUAAUUCGCGUGGAUAUGGCACGCAGUAAGGUAUUGGGCACCGUAAAUGUCCAUAUGUAUAUAUCGAGUAGAGUGUGGGCUCCGCGGGUCCAGGGUUCAAGUCCCUGUUCGGGCGCCA,5,-75.8,0.3,10,-44.4,76.2,2.9
DGR-III/CM-2,GCCCGGAUAGCUCAGUCGGUAGAGCAGCGGAGACGGUCGGGUCUAAGGUGGGCGCGUGGAUAUGGCACGCAUGUUUGGUGGGGGCACCGUAAAUGUCCGAGUUAUAUCGAGUAGAGUGUGGGCUCCGCGGGUCCAGGGUUCAAGUCCCUGUUCGGGCGCCA,2,-3,4.2,4,-400.7,77.5,0.6
DGR-III/CM-3,GCCCGGAUAGCUCAGUCGGUAGAGCAGCGGAGACGGUCGGGUCUAUAGGUGGGCGCGUGGAUAUGGCACGCAUGUUUGGUGGGGGCACCGUAAAUGUCCGAGUUAAUAUCGAGUAGAGUGUGGGCUCCGCGGGUCCAGGGUUCAAGUCCCUGUUCGGGCGCCA,3,-28.4,2.7,6,-160.2,78.7,0.4
DGR-III/CM-4,GCCCGGAUAGCUCAGUCGGUAGAGCAGCGGAGACGGUCGGGUCUAUAAGGUGGGCGCGUGGAUAUGGCACGCAUGUUUGGUGGGGGCACCGUAAAUGUCCGAGUUAUAUAUCGAGUAGAGUGUGGGCUCCGCGGGUCCAGGGUUCAAGUCCCUGUUCGGGCGCCA,4,-50.4,1.8,8,-84.8,78.5,0.7
DGR-III/CM-5,GCCCGGAUAGCUCAGUCGGUAGAGCAGCGGAGACGGUCGGGUCUAUAUAGGUGGGCGCGUGGAUAUGGCACGCAUGUUUGGUGGGGGCACCGUAAAUGUCCGAGUUAAUAUAUCGAGUAGAGUGUGGGCUCCGCGGGUCCAGGGUUCAAGUCCCUGUUCGGGCGCCA,5,-75.8,0.3,10,-44.4,82.6,0.8
DGR-IV/CM-2,GCCCGGAUAGCUCAGUCGGUAGAGCAGCGGAGACGGUCGGGUCUAAGGUGGUCGCGUGGAUAUGGCACGCAUAAUAGAGGUGGGCACCGUAAAUGUCCGGGUAAUAUCGAGUAGAGUGUGGGCUCCGCGGGUCCAGGGUUCAAGUCCCUGUUCGGGCGCCA,2,-3,4.2,4,-400.7,79.7,1.7
DGR-IV/CM-3,GCCCGGAUAGCUCAGUCGGUAGAGCAGCGGAGACGGUCGGGUCUAUAGGUGGUCGCGUGGAUAUGGCACGCAUAAUAGAGGUGGGCACCGUAAAUGUCCGGGUAAAUAUCGAGUAGAGUGUGGGCUCCGCGGGUCCAGGGUUCAAGUCCCUGUUCGGGCGCCA,3,-28.4,2.7,6,-160.2,81.2,0.7
DGR-IV/CM-4,GCCCGGAUAGCUCAGUCGGUAGAGCAGCGGAGACGGUCGGGUCUAUAAGGUGGUCGCGUGGAUAUGGCACGCAUAAUAGAGGUGGGCACCGUAAAUGUCCGGGUAAUAUAUCGAGUAGAGUGUGGGCUCCGCGGGUCCAGGGUUCAAGUCCCUGUUCGGGCGCCA,4,-50.4,1.8,8,-84.8,80.7,1.3
DGR-IV/CM-5,GCCCGGAUAGCUCAGUCGGUAGAGCAGCGGAGACGGUCGGGUCUAUAUAGGUGGUCGCGUGGAUAUGGCACGCAUAAUAGAGGUGGGCACCGUAAAUGUCCGGGUAAAUAUAUCGAGUAGAGUGUGGGCUCCGCGGGUCCAGGGUUCAAGUCCCUGUUCGGGCGCCA,5,-75.8,0.3,10,-44.4,78.8,0.9